Ref,Val,Package,PosX,PosY,Rot,Side
"3v3","RH-5117","TESTPOINT-TH_BD3.2-D1.6",121.280000,-203.390000,-90.000000,top
"BT1","BH-18650-B1BA002","BATTERY-SMD_18650-1S-L77.1-W20.7-1",119.965000,-134.875000,90.000000,top
"Batt_power_on_SW1","ST-0-102-C04-N008-RS","SW-TH_ST-0-102-C04-N008-RS",70.290000,-184.925000,-90.000000,top
"C1","FS31X226M160EPG","C1206",81.075000,-210.220000,-90.000000,top
"C2","FS31X226M160EPG","C1206",83.330000,-218.820000,90.000000,top
"C3","FS31X226M160EPG","C1206",87.030000,-220.050000,90.000000,top
"C4","FS31X226M160EPG","C1206",96.700000,-162.450000,180.000000,top
"C5","FS31X226M160EPG","C1206",96.775000,-165.150000,180.000000,top
"C6","FS31X226M160EPG","C1206",96.875000,-167.625000,180.000000,top
"C7","C1206C225K3RACTU","C1206",138.550000,-163.550000,-90.000000,top
"C8","GRM188R71H223KA01D","C0603",124.530000,-170.300000,0.000000,top
"C9","GRM32ER71J106KA12L_C437568","C1210",131.760000,-163.560000,-90.000000,top
"C10","GRM32ER71J106KA12L_C437568","C1210",135.390000,-163.630000,-90.000000,top
"C11","FS31X226M160EPG","C1206",104.435000,-203.725000,0.000000,top
"C12","CL05A105KA5NQNC","C0402",104.770000,-200.440000,0.000000,top
"C13","FS31X226M160EPG","C1206",103.360000,-192.275000,0.000000,top
"C14","FS31X226M160EPG","C1206",110.760000,-193.975000,0.000000,top
"C15","CL05B104KO5NNNC","C0402",130.315000,-247.395000,-90.000000,top
"C16","FS31X226M160EPG","C1206",132.375000,-249.895000,180.000000,top
"C17","CL05A105KA5NQNC","C0402",130.725000,-242.850000,180.000000,top
"C18","CL05B104KO5NNNC","C0402",136.541500,-224.875000,90.000000,top
"C19","CL05B104KO5NNNC","C0402",123.210000,-165.800000,0.000000,top
"C20","CL05B104KO5NNNC","C0402",83.660000,-214.220000,-90.000000,top
"C21","CL05B104KO5NNNC","C0402",97.050000,-173.900000,0.000000,top
"C22","FS31X226M160EPG","C1206",93.070000,-174.680000,180.000000,top
"C23","CL05B104KO5NNNC","C0402",97.420000,-170.700000,180.000000,top
"C24","CL05B104KO5NNNC","C0402",171.450000,-194.570000,90.000000,top
"C25","CL05B104KO5NNNC","C0402",157.930000,-209.940000,-90.000000,top
"C27","FS31X226M160EPG","C1206",133.740000,-247.520000,180.000000,top
"C28","CL05B104KO5NNNC","C0402",140.875000,-210.125000,-90.000000,top
"C29","CL05B104KO5NNNC","C0402",164.325000,-231.800000,90.000000,top
"C30","FS31X226M160EPG","C1206",160.975000,-231.850000,0.000000,top
"C31","CL05B104KO5NNNC","C0402",122.650000,-239.295000,0.000000,top
"CN1","S2B-PH-SM4-TB","CONN-SMD_P2.00_S2B-PH-SM4-TB-LF-SN",65.800000,-166.600000,-90.000000,top
"Card1","DM3AT-SF-PEJM5","SD-SMD_DM3AT-SF-PEJM5",173.750000,-230.475000,90.000000,top
"D1","NSR0320MW2T1G","SOD-323_L1.8-W1.3-LS2.5-RD",81.050000,-214.070000,180.000000,top
"D2","SMBJ5.0A-13-F","SMB_L4.6-W3.6-LS5.3-RD",121.410000,-161.560000,90.000000,top
"D3","SMBJ5.0A-13-F","SMB_L4.6-W3.6-LS5.3-RD",142.310000,-162.870000,90.000000,top
"D4","B5819W_C8598","SOD-123_L2.7-W1.6-LS3.7-RD-1",136.691500,-221.075000,90.000000,top
"D5","RCLAMP0524P_C907837","DFN2510-10_L2.5-W1.0-P0.50-BL",158.980000,-234.480000,-90.000000,top
"GND1","RH-5002","TESTPOINT-TH_BD2.5-D1.2_RH-5002",120.990000,-195.660000,-90.000000,top
"H1","~","MountingHole_M2",79.725000,-80.375000,0.000000,top
"H10","~","MountingHole_M2",79.725000,-115.980000,0.000000,top
"H11","~","MountingHole_M2",158.075000,-80.375000,0.000000,top
"H12","~","MountingHole_M2",158.075000,-115.980000,0.000000,top
"L1","MDTA32251B-2R2M","IND-SMD_L3.2-W2.5-BRL3225T100M",97.970000,-177.180000,0.000000,top
"L2","MDTA32251B-2R2M","IND-SMD_L3.2-W2.5-BRL3225T100M",109.710000,-203.200000,90.000000,top
"LED1","0603 Green 509-620mcd","LED0603-RD",147.360000,-167.920000,90.000000,top
"LED1_red1","KT-0603R","LED-SMD_L1.6-W0.8-R-RD",84.480000,-206.725000,90.000000,top
"LED2","0603 Green 509-620mcd","LED0603-RD",106.950000,-168.230000,-90.000000,top
"LED3","DY-S505016/RGBC/6812F-NL-1T","LED-SMD_4P-L5.0-W5.0-BR",131.000000,-221.800000,0.000000,top
"LED3_orange1","KT-0603O","LED0603-RD",85.975000,-227.300000,-90.000000,top
"R1","AR02BTC5101","R0402",72.275000,-230.695000,-90.000000,top
"R2","AR02BTC5101","R0402",72.390000,-237.960000,90.000000,top
"R3","RC0603JR-071KL","R0603",84.520000,-210.960000,90.000000,top
"R4","RC0603JR-071KL","R0603",104.360000,-168.270000,90.000000,top
"R5","AR02BTC1002","R0402",88.290000,-212.580000,-90.000000,top
"R6","0402WGF1302TCE","R0402",87.040000,-212.460000,-90.000000,top
"R7","0603WAF6040T5E","R0603",89.550000,-208.985000,90.000000,top
"R8","0603WAF6040T5E","R0603",91.200000,-209.030000,90.000000,top
"R9","RC0603JR-071KL","R0603",147.300000,-164.525000,90.000000,top
"R10","0402WGF1003TCE","R0402",95.040000,-172.350000,-90.000000,top
"R11","FRC0402F7323TS","R0402",97.390000,-169.500000,0.000000,top
"R12","0402WGF1003TCE","R0402",94.120000,-170.050000,0.000000,top
"R13","CR0603-FX-3012ELF","R0603",119.290000,-167.440000,0.000000,top
"R14","CRCW06037K50FKEA","R0603",135.900000,-174.450000,-90.000000,top
"R15","RS-03K1332FT","R0603",132.750000,-174.475000,-90.000000,top
"R16","AR03FTC2672","R0603",129.600000,-174.450000,-90.000000,top
"R17","HRC0603F2673ENTN","R_0603_1608Metric",126.650000,-174.375000,90.000000,top
"R18","CR0603-FX-3742ELF","R0603",119.390000,-169.140000,0.000000,top
"R19","RS-03K1583FT","R0603",119.365000,-170.815000,0.000000,top
"R20","ERJP03F3300V","R0603",140.550000,-194.225000,-90.000000,top
"R21","0402WGF1003TCE","R0402",131.270000,-167.470000,180.000000,top
"R22","0402WGF1003TCE","R0402",123.140000,-168.440000,180.000000,top
"R23","RT0402FRE07309RL","R0402",104.560000,-196.625000,180.000000,top
"R24","SCR0402F68R1","R0402",104.485000,-194.925000,0.000000,top
"R25","AR02BTC1002","R0402",130.770000,-245.725000,180.000000,top
"R26","AR02BTC1002","R0402",130.775000,-244.275000,180.000000,top
"R27","AR02BTC1002","R0402",119.930000,-237.770000,-90.000000,top
"R28","0402WGF3300TCE","R0402",128.766500,-226.225000,-90.000000,top
"R29","AR02BTC1002","R0402",109.200000,-227.830000,-90.000000,top
"R30","ERJP03F3300V","R0603",157.430000,-192.980000,-90.000000,top
"R32","AR02BTC1002","R0402",104.650000,-199.000000,0.000000,top
"R33","AR02BTC1002","R0402",152.260000,-211.400000,90.000000,top
"R34","AR02BTC1002","R0402",108.800000,-218.830000,-90.000000,top
"R35","AR02BTC1002","R0402",117.300000,-237.840000,0.000000,top
"R36","AR02BTC1002","R0402",162.290000,-228.370000,90.000000,top
"R37","0603WAF2200T5E","R0603",171.840000,-211.075000,90.000000,top
"R38","AR02BTC1002","R0402",112.990000,-245.580000,0.000000,top
"R39","0402WGF1003TCE","R0402",122.700000,-236.420000,180.000000,top
"R40","0402WGF1003TCE","R0402",122.700000,-237.845000,0.000000,top
"R41","AR02BTC1002","R0402",164.050000,-227.350000,90.000000,top
"R42","AR02BTC1002","R0402",164.100000,-229.525000,-90.000000,top
"R43","AR02BTC1002","R0402",162.525000,-234.150000,-90.000000,top
"R44","AR02BTC1002","R0402",163.925000,-235.875000,90.000000,top
"R45","AR02BTC1002","R0402",165.125000,-239.475000,90.000000,top
"R46","AR02BTC1002","R0402",162.525000,-239.500000,90.000000,top
"R47","RC0603JR-071KL","R0603",85.970000,-224.180000,90.000000,top
"RJ1","KH-PCB-6P6C","RJ45-TH_KH-PCB-6P6C",172.950000,-161.450000,90.000000,top
"RJ12_5V1","RH-5117","TESTPOINT-TH_BD3.2-D1.6",147.775000,-159.850000,0.000000,top
"SW1","MSK12C02","SW-TH_MSK12C02",96.703500,-216.575000,90.000000,top
"SW2","TS665CJ","SW-TH_4P-L6.0-W6.0-P4.50-LS6.5",115.250000,-225.925000,0.000000,top
"SW3","TS665CJ","SW-TH_4P-L6.0-W6.0-P4.50-LS6.5",115.100000,-216.275000,0.000000,top
"SW4","SK-1500-L1?","SW-SMD_6P-P1.50_L2.7-W11.2",131.675000,-179.127500,0.000000,top
"TP3","RH-5002","TESTPOINT-TH_BD2.5-D1.2_RH-5002",147.730000,-172.000000,0.000000,top
"U1","USBLC6-2SC6-ES","SOT-23-6_L2.9-W1.6-P0.95-LS2.8-BR",74.450000,-234.235000,180.000000,top
"U2","BQ25185DLHR","WSON-10_L2.2-W2.0-P0.40-BL-EP_TI_DLH0010A",85.805000,-215.285000,0.000000,top
"U3","TPS61023DRLR","SOT-563_L1.6-W1.2-P0.50-LS1.6-BR",97.320000,-172.240000,180.000000,top
"U4","TPS26625DRCR","VSON-10_L3.0-W3.0-P0.50-TL-EP-1",127.022500,-167.140207,0.000000,top
"U5","C1206C105K3RACAUTO","C1206",124.920000,-162.240000,-90.000000,top
"U6","SY8088AAC","SOT-23-5_L3.0-W1.7-P0.95-LS2.8-BR",107.785000,-197.950000,-90.000000,top
"U7","ESP32-C3-MINI-1-H4X","WIFIM-SMD_ESP32-C3-MINI-1",121.745000,-246.045000,180.000000,top
"U8","6N137S_C20612601","SOP-8_L9.7-W6.5-P2.54-LS10.3-BL",173.265000,-202.450000,0.000000,top
"U9","6N137S_C20612601","SOP-8_L9.7-W6.5-P2.54-LS10.3-BL",156.285000,-202.475000,180.000000,top
"U10","6N137S_C20612601","SOP-8_L9.7-W6.5-P2.54-LS10.3-BL",139.305000,-202.475000,180.000000,top
"U11","C1206C105K3RACAUTO","C1206",169.060000,-192.870000,90.000000,top
"U12","C1206C105K3RACAUTO","C1206",160.380000,-211.615000,-90.000000,top
"U13","C1206C105K3RACAUTO","C1206",142.925000,-211.875000,-90.000000,top
"USBC1","TYPE-C-31-M-12","USB-C_SMD-TYPE-C-31-M-12_1",65.722456,-234.030000,-90.000000,top
"USB_power_on_SW1","ST-0-102-C04-N008-RS","SW-TH_ST-0-102-C04-N008-RS",70.262500,-220.325000,-90.000000,top
