"Reference","Qty","Value","DNP","Exclude from BOM","Exclude from Board","Footprint","Datasheet","MPN","Manufacturer","LCSC Part"
"3v3,TP1","2","RH-5117","","","","EasyEDA:TESTPOINT-TH_BD3.2-D1.6","https://www.lcsc.com/datasheet/C5199807.pdf","RH-5117","荣和","C5199807"
"Batt_power_on_SW1,USB_power_on_SW1","2","ST-0-102-C04-N008-RS","","","","EasyEDA:SW-TH_ST-0-102-C04-N008-RS","https://www.lcsc.com/datasheet/C1788491.pdf","ST-0-102-C04-N008-RS","YUEN FUNG(源丰)","C1788491"
"BT1,BT2","2","BH-18650-B1BA002","","","","EasyEDA:BATTERY-SMD_18650-1S-L77.1-W20.7-1","https://www.lcsc.com/datasheet/C2988620.pdf","BH-18650-B1BA002","MYOUNG(美阳)","C2988620"
"C1,C2,C3,C4,C5,C6,C11,C13,C14,C16,C22,C27,C30","13","FS31X226M160EPG","","","","EasyEDA:C1206","https://www.lcsc.com/datasheet/C3036083.pdf","FS31X226M160EPG","PSA(信昌电陶)","C3036083"
"C7","1","C1206C225K3RACTU","","","","EasyEDA:C1206","https://www.lcsc.com/datasheet/C2167942.pdf","C1206C225K3RACTU","KEMET(基美)","C2167942"
"C8","1","GRM188R71H223KA01D","","","","EasyEDA:C0603","https://lcsc.com/product-detail/Multilayer-Ceramic-Capacitors-MLCC-SMD-SMT_muRata_GRM188R71H223KA01D_22nF-223-10-50V_C77056.html","GRM188R71H223KA01D","muRata(村田)","C77056"
"C9,C10","2","GRM32ER71J106KA12L_C437568","","","","EasyEDA:C1210","https://www.lcsc.com/datasheet/C437568.pdf","GRM32ER71J106KA12L","muRata(村田)","C437568"
"C12,C17,C26","3","CL05A105KA5NQNC","","","","EasyEDA:C0402","https://lcsc.com/product-detail/Multilayer-Ceramic-Capacitors-MLCC-SMD-SMT_SAMSUNG_CL05A105KA5NQNC_1uF-105-10-25V_C52923.html","CL05A105KA5NQNC","SAMSUNG(三星)","C52923"
"C15,C18,C19,C20,C21,C23,C24,C25,C28,C29,C31","11","CL05B104KO5NNNC","","","","EasyEDA:C0402","https://lcsc.com/product-detail/Multilayer-Ceramic-Capacitors-MLCC-SMD-SMT_SAMSUNG_CL05B104KO5NNNC_100nF-104-10-16V_C1525.html","CL05B104KO5NNNC","SAMSUNG(三星)","C1525"
"Card1","1","DM3AT-SF-PEJM5","","","","EasyEDA:SD-SMD_DM3AT-SF-PEJM5","https://lcsc.com/product-detail/Connector-Card-Sockets_Hirose_DM3AT-SF-PEJM5_Hirose-HRS-DM3AT-SF-PEJM5_C114218.html","DM3AT-SF-PEJM5","HRS(广濑)","C114218"
"CN1,CN2","2","S2B-PH-SM4-TB","","","","EasyEDA:CONN-SMD_P2.00_S2B-PH-SM4-TB-LF-SN","https://lcsc.com/product-detail/_JST-Sales-America_S2B-PH-SM4-TB-LF-SN_JST-Sales-America-S2B-PH-SM4-TB-LF-SN_C295747.html","S2B-PH-SM4-TB(LF)(SN)","JST","C295747"
"D1","1","NSR0320MW2T1G","","","","EasyEDA:SOD-323_L1.8-W1.3-LS2.5-RD","https://lcsc.com/product-detail/Schottky-Barrier-Diodes-SBD_ON_NSR0320MW2T1G_NSR0320MW2T1G_C48192.html","NSR0320MW2T1G","onsemi(安森美)","C48192"
"D2,D3","2","SMBJ5.0A-13-F","","","","EasyEDA:SMB_L4.6-W3.6-LS5.3-RD","https://lcsc.com/product-detail/TVS_DIODES_SMBJ5-0A-13-F_SMBJ5-0A-13-F_C110528.html","SMBJ5.0A-13-F","DIODES(美台)","C110528"
"D4","1","B5819W_C8598","","","","EasyEDA:SOD-123_L2.7-W1.6-LS3.7-RD-1","https://lcsc.com/product-detail/Schottky-Barrier-Diodes-SBD_B5819W-SL_C8598.html","B5819W SL","CJ(江苏长电/长晶)","C8598"
"D5","1","RCLAMP0524P_C907837","","","","EasyEDA:DFN2510-10_L2.5-W1.0-P0.50-BL","https://lcsc.com/product-detail/TVS_TECH-PUBLIC-RCLAMP0524P_C907837.html","RCLAMP0524P","TECH PUBLIC(台舟)","C907837"
"GND1,TP3","2","RH-5002","","","","EasyEDA:TESTPOINT-TH_BD2.5-D1.2_RH-5002","https://www.lcsc.com/datasheet/C5199802.pdf","RH-5002","荣和","C5199802"
"H2,H3,H4,H5,H6,H7,H8,H9","8","~","","","","MountingHole:MountingHole_3.2mm_M3","","","",""
"L1,L2","2","MDTA32251B-2R2M","","","","EasyEDA:IND-SMD_L3.2-W2.5-BRL3225T100M","https://www.lcsc.com/datasheet/C22388372.pdf","MDTA32251B-2R2M","KOHERelec(科或)","C22388372"
"LED1,LED2","2","0603 Green 509-620mcd","","","","EasyEDA:LED0603-RD","https://lcsc.com/product-detail/Light-Emitting-Diodes-LED_0603-Green_C12624.html","KT-0603G","KENTO","C12624"
"LED1_red1","1","KT-0603R","","","","EasyEDA:LED-SMD_L1.6-W0.8-R-RD","https://lcsc.com/product-detail/Light-Emitting-Diodes-LED_Red-LED-0603_C2286.html","KT-0603R","KENTO","C2286"
"LED3","1","DY-S505016/RGBC/6812F-NL-1T","","","","EasyEDA:LED-SMD_4P-L5.0-W5.0-BR","https://www.lcsc.com/datasheet/C524052.pdf","DY-S505016/RGBC/6812F-NL-1T","TONYU(东裕)","C524052"
"LED3_orange1","1","KT-0603O","","","","EasyEDA:LED0603-RD","https://www.lcsc.com/datasheet/C111340.pdf","KT-0603O","KENTO","C111340"
"R1,R2,R3,R4","4","AR02BTC5101","","","","EasyEDA:R0402","https://lcsc.com/product-detail/Others_Viking-Tech-AR02BTC5101_C317922.html","AR02BTC5101","Viking(光颉)","C317922"
"R5,R9,R25,R26,R27,R29,R32,R33,R34,R35,R36,R38,R41,R42,R43,R44,R45,R46","18","AR02BTC1002","","","","EasyEDA:R0402","https://lcsc.com/product-detail/Others_Viking-Tech-AR02BTC1002_C317926.html","AR02BTC1002","Viking(光颉)","C317926"
"R6","1","0402WGF1302TCE","","","","EasyEDA:R0402","https://lcsc.com/product-detail/Chip-Resistor-Surface-Mount-UniOhm_13KR-1302-1_C25754.html","0402WGF1302TCE","UNI-ROYAL(厚声)","C25754"
"R7,R8","2","0603WAF6040T5E","","","","EasyEDA:R0603","https://lcsc.com/product-detail/Chip-Resistor-Surface-Mount-UniOhm_604R-6040-1_C32183.html","0603WAF6040T5E","UNI-ROYAL(厚声)","C32183"
"R10,R12,R21,R22,R39,R40","6","0402WGF1003TCE","","","","EasyEDA:R0402","https://lcsc.com/product-detail/Chip-Resistor-Surface-Mount-UniOhm_100KR-1003-1_C25741.html","0402WGF1003TCE","UNI-ROYAL(厚声)","C25741"
"R11","1","FRC0402F7323TS","","","","EasyEDA:R0402","https://www.lcsc.com/datasheet/C5159692.pdf","FRC0402F7323TS","FOJAN(富捷)","C5159692"
"R13","1","CR0603-FX-3012ELF","","","","EasyEDA:R0603","https://lcsc.com/product-detail/Others_BOURNS-CR0603-FX-3012ELF_C203506.html","CR0603-FX-3012ELF","BOURNS","C203506"
"R14","1","CRCW06037K50FKEA","","","","EasyEDA:R0603","https://lcsc.com/product-detail/Chip-Resistor-Surface-Mount_Vishay-Intertech-CRCW06037K50FKEA_C844808.html","CRCW06037K50FKEA","VISHAY(威世)","C844808"
"R15","1","RS-03K1332FT","","","","EasyEDA:R0603","https://lcsc.com/product-detail/Others_Guangdong-Fenghua-Advanced-Tech-RS-03K1332FT_C321713.html","RS-03K1332FT","FH(风华)","C321713"
"R16,R20","2","AR03FTC2672","","","","EasyEDA:R0603","https://lcsc.com/product-detail/Others_Viking-Tech-AR03FTC2672_C234417.html","AR03FTC2672","Viking(光颉)","C234417"
"R17","1","HRC0603F2673ENTN","","","","PCM_Resistor_SMD_AKL:R_0603_1608Metric","https://www.lcsc.com/product-detail/C55098397.html?s_z=n_q_CRCW060326K7FKEA&spm=wm.fly.bg.1.xh&lcsc_vid=TwQPU1NeEgVZXwBUQlNbAVIAFVlcXlFSR1RZBAJfEwcxVlNeQldfX1dSQFVWVDsOAxUeFF5JWBYZEEoKFBINSQcJGk4NBhADEA4cHktXRlhXSQwSGg0%3D","HRC0603F2673ENTN","","C55098397"
"R18","1","CR0603-FX-3742ELF","","","","EasyEDA:R0603","https://lcsc.com/product-detail/Others_BOURNS-CR0603-FX-3742ELF_C203565.html","CR0603-FX-3742ELF","BOURNS","C203565"
"R19","1","RS-03K1583FT","","","","EasyEDA:R0603","https://lcsc.com/product-detail/Others_Guangdong-Fenghua-Advanced-Tech-RS-03K1583FT_C321734.html","RS-03K1583FT","FH(风华)","C321734"
"R23","1","RT0402FRE07309RL","","","","EasyEDA:R0402","https://lcsc.com/product-detail/Others_YAGEO-RT0402FRE07309RL_C327013.html","RT0402FRE07309RL","YAGEO(国巨)","C327013"
"R24","1","SCR0402F68R1","","","","EasyEDA:R0402","https://www.lcsc.com/datasheet/C3015640.pdf","SCR0402F68R1","VO(翔胜)","C3015640"
"R28","1","0402WGF3300TCE","","","","EasyEDA:R0402","https://lcsc.com/product-detail/Chip-Resistor-Surface-Mount-UniOhm_330R-3300-1_C25104.html","0402WGF3300TCE","UNI-ROYAL(厚声)","C25104"
"R30","1","MCS04020C2200FE000","","","","EasyEDA:R0402","https://www.lcsc.com/datasheet/C2074289.pdf","MCS04020C2200FE000","VISHAY(威世)","C2074289"
"R31,R37","2","25121WJ0331T4E","","","","EasyEDA:R2512","https://lcsc.com/product-detail/Chip-Resistor-Surface-Mount-UniOhm_330R-331-5_C19866.html","25121WJ0331T4E","UNI-ROYAL(厚声)","C19866"
"RJ1","1","KH-PCB-6P6C","","","","EasyEDA:RJ45-TH_KH-PCB-6P6C","https://www.lcsc.com/datasheet/C2683354.pdf","KH-PCB-6P6C","kinghelm(金航标)","C2683354"
"SW1","1","MSK12C02","","","","EasyEDA:SW-TH_MSK12C02","https://lcsc.com/product-detail/Toggle-Switches_SHOU-HAN-MSK12C02_C431540.html","MSK12C02","SHOU HAN(首韩)","C431540"
"SW2,SW3","2","TS665CJ","","","","EasyEDA:SW-TH_4P-L6.0-W6.0-P4.50-LS6.5","https://lcsc.com/product-detail/Tactile-Switches_SHOU-HAN-TS665CJ_C393938.html","TS665CJ","SHOU HAN(首韩)","C393938"
"SW4","1","SK-1500-L1?","","","","EasyEDA:SW-SMD_6P-P1.50_L2.7-W11.2","https://lcsc.com/product-detail/Toggle-Switches_XKB-Enterprise-SK-1500-L1_C319025.html","SK-1500-L1","XKB Connection(中国星坤)","C319025"
"U1","1","USBLC6-2SC6-ES","","","","EasyEDA:SOT-23-6_L2.9-W1.6-P0.95-LS2.8-BR","https://www.lcsc.com/datasheet/C5180249.pdf","USBLC6-2SC6-ES","ElecSuper(静芯)","C5180249"
"U2","1","BQ25185DLHR","","","","EasyEDA:WSON-10_L2.2-W2.0-P0.40-BL-EP_TI_DLH0010A","https://www.lcsc.com/datasheet/C19725033.pdf","BQ25185DLHR","TI(德州仪器)","C19725033"
"U3","1","TPS61023DRLR","","","","EasyEDA:SOT-563_L1.6-W1.2-P0.50-LS1.6-BR","https://www.lcsc.com/datasheet/C919459.pdf","TPS61023DRLR","TI(德州仪器)","C919459"
"U4","1","TPS26625DRCR","","","","EasyEDA:VSON-10_L3.0-W3.0-P0.50-TL-EP-1","https://www.lcsc.com/datasheet/C2862873.pdf","TPS26625DRCR","TI(德州仪器)","C2862873"
"U5,U11,U12,U13","4","C1206C105K3RACAUTO","","","","EasyEDA:C1206","https://www.lcsc.com/datasheet/C2167173.pdf","C1206C105K3RACAUTO","KEMET(基美)","C2167173"
"U6","1","SY8088AAC","","","","EasyEDA:SOT-23-5_L3.0-W1.7-P0.95-LS2.8-BR","https://lcsc.com/product-detail/DC-DC-Converters_Silergy_SY8088AAC_SY8088AAC_C79313.html","SY8088AAC","Silergy(矽力杰)","C79313"
"U7","1","ESP32-C3-MINI-1-H4X","","","","EasyEDA:WIFIM-SMD_ESP32-C3-MINI-1","https://www.lcsc.com/datasheet/C41349510.pdf","ESP32-C3-MINI-1-H4X","ESPRESSIF(乐鑫)","C41349510"
"U8,U9,U10","3","6N137S_C20612601","","","","EasyEDA:SOP-8_L9.7-W6.5-P2.54-LS10.3-BL","https://www.lcsc.com/datasheet/C20612601.pdf","6N137S","AOTE(奥特)","C20612601"
"USBC1","1","TYPE-C-31-M-12","","","","foot:USB-C_SMD-TYPE-C-31-M-12_1","https://lcsc.com/product-detail/USB-Type-C_Korean-Hroparts-Elec-TYPE-C-31-M-12_C165948.html","TYPE-C-31-M-12","韩国韩荣","C165948"
